Source,Document,Query,Model,Strategy,Response,Latency,METEOR,ROUGE,EM,F1,BERTScore,Relevance,Helpfulness
LegalBench,contracts_nli,"If a contract is not signed, is it enforceable?",gpt-4o,tree_of_thought,"The enforceability of a contract that has not been signed depends on several factors, including the nature of the agreement, the jurisdiction, and the actions taken by the parties involved. Here's a step-by-step explanation:

1. **Form of Contract**: Contracts can be oral or written. While a written contract often includes signatures to indicate consent, an oral contract does not have this option. Both types can be legally enforceable, but written contracts are generally easier to prove.

2. **Intent of the Parties**: For any contract to be enforceable, there must be an intent by the parties to create a legal obligation. If both parties have demonstrated through their actions or communications that they intended to be bound by the terms (even without a signature), the contract may still be enforceable.

3. **Offer and Acceptance**: A valid contract requires a clear offer and acceptance. If these elements are present and the parties have acted on them, the absence of a signature may not prevent enforcement.

4. **Consideration**: There has to be consideration, meaning something of value exchanged between the parties. If consideration is present, the contract may be enforceable even without a signature.

5. **Part Performance**: If one or both parties have started performing their obligations under the contract, this performance can indicate acceptance of the contract terms, potentially making it enforceable.

6. **Written Form Requirement**: Some contracts must be in writing and signed under the Statute of Frauds or other applicable laws, such as real estate contracts or contracts lasting longer than a year. In these cases, a lack of signature might render the contract unenforceable.

7. **Email and Electronic Agreements**: Modern contract law often recognizes electronic agreements and communications as valid, meaning that contracts formed via email or digital means can be enforceable without traditional signatures.

8. **State and Jurisdictional Differences**: Contract law can vary significantly between jurisdictions. Some places may have specific laws or interpretations regarding unsigned contracts. It's essential to consider these local differences.

In summary, while a signature often provides clear evidence of consent to a contract, a contract without a signature can still be enforceable if the intent to contract, offer and acceptance, consideration, and other necessary elements are present. For critical situations, consulting with a legal professional to understand the specific circumstances and jurisdictional laws is advisable.",13.8,0.07,0.56,0.0,0.05,0.81,3,5
LegalBench,contracts_nli,"If a contract is not signed, is it enforceable?",gpt-4o,few_shot,"If a contract is not signed, it may still be enforceable depending on the circumstances and the jurisdiction. In many cases, agreements can be legally binding if there is evidence of mutual consent, consideration, and an intention to create a legal relationship, even if the contract hasn't been signed. This evidence can include written communications, actions taken by the parties, or partial performance of the contract terms. However, certain types of contracts, such as those involving real estate transactions, often require a written, signed agreement to be enforceable. It is advisable to consult legal counsel for specific situations and related laws in the relevant jurisdiction.",4.62,0.16,0.44,0.0,0.09,0.84,4,3
LegalBench,contracts_nli,"If a contract is not signed, is it enforceable?",gpt-4o,react,"To determine whether an unsigned contract is enforceable, it's important to consider several legal principles and factors.

1. **Intention to Create Legal Relations**: Both parties must have intended to enter into a legally binding agreement. This intention can sometimes be inferred from the circumstances or the conduct of the parties.

2. **Offer and Acceptance**: There must be a clear offer by one party and an acceptance by the other. An unsigned contract may still show evidence of both if the parties have acted in accordance with its terms.

3. **Consideration**: A contract must involve ""consideration,"" meaning each party must exchange something of value. This can include services, money, or even a promise to refrain from a specific act.

4. **Written vs. Oral Agreements**: Certain contracts, such as those involving real estate or that cannot be performed within a year, must be in writing to be enforceable under the Statute of Frauds. However, many contracts can be oral and still enforceable, which could include an unsigned document if supported by oral agreement.

5. **Performance and Conduct**: If the parties have begun performing under the contract terms or have otherwise acted as if the contract were in force, this conduct might support the enforceability of the contract.

6. **Partial Performance**: Courts might enforce an unsigned contract if one party has partially performed and it would be unjust not to uphold the agreement.

7. **Written Evidence Requirement**: Some jurisdictions may require written evidence of agreements of certain types, even if not signed.

Action:
Evaluate the specific circumstances, such as the type of contract, the conduct of the parties, any partial performance, and relevant jurisdictional law to determine the enforceability of the unsigned contract. Consulting a legal expert would be advisable for a precise analysis tailored to the specific scenario.",9.82,0.08,0.33,0.0,0.03,0.81,3,3
LegalBench,contracts_nli,"If a contract is not signed, is it enforceable?",claude-3-opus-20240229,tree_of_thought,"To determine if an unsigned contract is enforceable, let's consider the following steps:

Step 1: Understand the basic requirements of a valid contract.
- Offer
- Acceptance
- Consideration (exchange of value)
- Intention to create legal relations
- Capacity to contract

Step 2: Determine if the contract meets the basic requirements even without a signature.
- If the contract has a clear offer, acceptance, consideration, intention, and capacity, it may still be valid without a signature.

Step 3: Consider if there are any statutory requirements for the contract to be in writing and signed.
- Some contracts, such as those involving land or guarantees, may require a signature by law.
- If the contract falls under such a category, it may not be enforceable without a signature.

Step 4: Assess whether the parties' conduct indicates an intention to be bound by the contract.
- If the parties have acted as if the contract is in force, it may be argued that they intended to be bound by it, even without signatures.

Step 5: Determine if there are any exceptions to the signature requirement.
- In some cases, oral contracts or implied contracts may be enforceable, depending on the jurisdiction and the nature of the agreement.

Conclusion: In general, a contract does not always need to be signed to be enforceable. However, it depends on the specific circumstances, such as the type of contract, the legal requirements, and the parties' conduct. It is always best to have a signed written contract to avoid any ambiguity and to ensure the agreement is legally binding.",13.74,0.07,0.44,0.0,0.06,0.81,5,5
LegalBench,contracts_nli,"If a contract is not signed, is it enforceable?",claude-3-opus-20240229,few_shot,"No, in general, a contract is not legally enforceable if it has not been signed by the parties involved. A signature demonstrates that the parties understand and agree to the terms outlined in the contract. Without signatures, it may be difficult to prove that a binding agreement was made between the parties.

However, there are some exceptions where an unsigned contract might be enforceable:

1. If both parties have acted in a way that indicates their intention to be bound by the terms of the contract, it may be considered enforceable even without signatures.

2. Some types of contracts, such as those made electronically or verbally, may not require a physical signature to be binding.

3. In certain jurisdictions, specific contracts like leases or contracts for the sale of goods may be enforceable without signatures if they meet other legal requirements.

Nevertheless, it is always best practice to have a written contract that is signed by all parties to avoid any ambiguity or disputes regarding the enforceability of the agreement.",7.71,0.12,0.44,0.0,0.07,0.83,5,4
LegalBench,contracts_nli,"If a contract is not signed, is it enforceable?",claude-3-opus-20240229,react,"To determine if an unsigned contract is enforceable, let's consider a few key points:

1. Contracts can be verbal or written. A signed written contract provides the clearest proof of the agreement terms and the parties' intent to be bound by it. However, a verbal contract can also be valid and enforceable if the essential elements are present.

2. The essential elements of a contract are: offer, acceptance, consideration (an exchange of value), capacity to contract, and legality of purpose. If these elements exist, even without a signature, there may be an enforceable contract.

3. In some cases, the actions of the parties can demonstrate their agreement to the contract terms, even without a signature. This is known as ""performance"" of the contract.

4. However, certain types of contracts are required by law to be in writing and signed, such as real estate contracts or contracts that cannot be performed within one year. These are covered by the Statute of Frauds.

In conclusion, while a signed contract is best for enforceability, an unsigned contract may still be enforceable if the essential elements of a contract are present and the Statute of Frauds doesn't apply. The specific facts of the situation would need to be examined to determine enforceability. Consulting with a contracts attorney is advisable for a definitive answer based on the circumstances.",12.04,0.1,0.56,0.0,0.08,0.82,3,4
LegalBench,contracts_nli,"If a contract is not signed, is it enforceable?",tiny-llama,tree_of_thought,"Think step-by-step.
Context:

Question: If a contract is not signed, is it enforceable?
Answer:
Yes, a contract is enforceable if it is signed by all parties involved. If a contract is not signed, it is not enforceable.

Example:

Let's say John and Jane have a contract to sell a car. John signs the contract, but Jane does not sign it. The contract is not enforceable because Jane is not a party to the contract.

Conclusion:

In conclusion, a contract is enforceable if it",4.94,0.15,0.22,0.0,0.08,0.81,3,3
LegalBench,contracts_nli,"If a contract is not signed, is it enforceable?",tiny-llama,few_shot,"Example:
Q: What is the data retention policy?
A: Data should be deleted after 6 months.

Context:

Q: If a contract is not signed, is it enforceable?
A: Yes, it is enforceable.

Context:

Q: What is the difference between a contract and a promise?
A: A contract is a legally binding agreement, while a promise is a promise to do something.

Context:

Q: What is the difference between a contract and a promise?
A: A contract is a legally binding agreement, while a promise is a promise to do something.

Context:

Q: What is",4.93,0.11,0.22,0.0,0.09,0.82,5,3
LegalBench,contracts_nli,"If a contract is not signed, is it enforceable?",tiny-llama,react,"Think, then act.
Context:

Query: If a contract is not signed, is it enforceable?
Thought: The contract is not enforceable if it is not signed.

Example:

If a contract is not signed, it is not enforceable.

Solution:

If a contract is not signed, it is not enforceable.

Conclusion:

The contract is not enforceable if it is not signed.",4.22,0.12,0.0,0.0,0.0,0.82,5,3
LegalBench,contracts_nli,"If a contract is not signed, is it enforceable?",gemma,tree_of_thought,"Think step-by-step.
Context:

Question: If a contract is not signed, is it enforceable?
Answer: No.

Question: If a contract is not signed, is it enforceable?
Answer: No.

Question: If a contract is not signed, is it enforceable?
Answer: No.

Question: If a contract is not signed, is it enforceable?
Answer: No.

Question: If a contract is not signed, is it enforceable?
Answer: No.

Question: If a contract is not signed, is it enforceable?
Answer: No.

Question:",7.83,0.12,0.0,0.0,0.0,0.81,4,5
LegalBench,contracts_nli,"If a contract is not signed, is it enforceable?",gemma,few_shot,"Example:
Q: What is the data retention policy?
A: Data should be deleted after 6 months.

Context:

Q: If a contract is not signed, is it enforceable?
A: No, it is not enforceable.

Context:

Q: What is the difference between a contract and a promise?
A: A contract is a legally binding agreement between two or more parties. A promise is a verbal or written statement that one party makes to another party, and the other party accepts the promise.

Context:

Q: What is the difference between a contract and a promise?
A: A contract is a legally binding agreement between two or more parties. A promise is",8.32,0.13,0.44,0.0,0.14,0.82,4,5
LegalBench,contracts_nli,"If a contract is not signed, is it enforceable?",gemma,react,"Think, then act.
Context:

Query: If a contract is not signed, is it enforceable?
Thought:

* If a contract is not signed, it is not enforceable.
* If a contract is not signed, it is not enforceable.
* If a contract is not signed, it is not enforceable.
* If a contract is not signed, it is not enforceable.
* If a contract is not signed, it is not enforceable.
* If a contract is not signed, it is not enforceable.
* If a contract is not signed, it is not enforceable.
*",7.87,0.09,0.0,0.0,0.0,0.81,4,3
LegalBench,contracts_nli,"If a contract is not signed, is it enforceable?",phi-2,tree_of_thought,"Think step-by-step.
Context:

Question: If a contract is not signed, is it enforceable?
Answer: No, a contract must be signed by both parties to be enforceable.

Follow-up questions:
1. What is the purpose of a contract?
Answer: The purpose of a contract is to establish an agreement between two or more parties.

2. Can a contract be enforced if one party does not fulfill their obligations?
Answer: Yes, if one party fails to fulfill their obligations, the other party can take legal action to enforce the contract.

3.",9.03,0.17,0.44,0.0,0.12,0.83,5,3
LegalBench,contracts_nli,"If a contract is not signed, is it enforceable?",phi-2,few_shot,"Example:
Q: What is the data retention policy?
A: Data should be deleted after 6 months.

Context:

Q: If a contract is not signed, is it enforceable?
A: No, a contract must be signed to be enforceable.

Example:
Q: If a contract is not signed, is it enforceable?
A: No, a contract must be signed to be enforceable.

Context:

Q: If a contract is not signed, is it enforceable?
A: No, a contract must be signed to be enforceable.

Example:
Q: If a contract is not signed, is it enforceable?",9.03,0.11,0.33,0.0,0.16,0.82,3,3
LegalBench,contracts_nli,"If a contract is not signed, is it enforceable?",phi-2,react,"Think, then act.
Context:

Query: If a contract is not signed, is it enforceable?
Thought:

```python
# Solution
def is_contract_enforceable(contract):
    if not contract:
        return False
    else:
        return True

contract = None
print(is_contract_enforceable(contract))  # Output: False
```

2. Write a Python function that takes a list of numbers and returns the sum of all the numbers in the list.

Context:

Query: What is",7.75,0.13,0.11,0.0,0.04,0.8,5,5
LegalBench,contracts_nli,What makes an offer legally binding?,gpt-4o,tree_of_thought,"For an offer to be legally binding, it typically needs to fulfill several key elements, forming the basis of a contract. These elements include:

1. **Offer**: One party must present an offer indicating a willingness to enter into an agreement on certain terms.

2. **Acceptance**: The other party must accept the offer in a manner that is unequivocal and mirrors the terms of the offer without modifications. Any changes would constitute a counter-offer, not an acceptance.

3. **Consideration**: There must be something of value exchanged between the parties. Consideration can be a promise to do something, a promise not to do something, or a tangible item exchanged. It represents the mutual obligation each party owes to the other.

4. **Mutual Intent**: Both parties must clearly intend to create a legal obligation and be bound by the terms of the agreement. Often, this is referred to as a ""meeting of the minds.""

5. **Capacity**: The parties involved must have the legal capacity to enter into a contract. This means they are of legal age, sound mind, and not under duress or undue influence.

6. **Legality**: The purpose of the contract must be legal. A contract formed for an illegal purpose, such as selling illegal substances, is not enforceable.

7. **Certainty and Completeness**: The terms of the offer must be clear enough that the parties understand their obligations and can be enforced by a court.

If these elements are present, the offer can form the basis of a legally binding contract once accepted. Without any one of these elements, an offer might be non-binding.",11.87,0.2,0.65,0.0,0.14,0.84,3,5
LegalBench,contracts_nli,What makes an offer legally binding?,gpt-4o,few_shot,"An offer becomes legally binding when it meets certain criteria: there must be a clear offer made with definite terms, and it must be accepted by the other party. Additionally, there needs to be consideration (something of value exchanged), an intention to create legal relations, and the parties involved must have the capacity to contract. If all these elements are present, the offer can lead to a legally enforceable contract once accepted.",2.61,0.47,0.71,0.0,0.34,0.89,3,3
LegalBench,contracts_nli,What makes an offer legally binding?,gpt-4o,react,"To determine what makes an offer legally binding, it's essential to understand the elements of a legally enforceable contract. Here's a breakdown of these elements:

1. **Offer**: One party must present a clear and definite proposal to another party. The offer should include terms that are specific enough for the other party to understand what is being agreed upon.

2. **Acceptance**: The party receiving the offer must accept it without any significant changes. Acceptance must be communicated to the offeror. This can be done verbally, in writing, or through conduct that clearly indicates acceptance.

3. **Consideration**: There must be something of value exchanged between the parties. Consideration can be a promise to do something, a payment, or an act. It is the mutual exchange of value that differentiates a contract from a gift.

4. **Mutual Assent**: Both parties must have a mutual agreement or ""meeting of the minds"" regarding the contract terms. This means that both parties understand and agree to the essential aspects and terms of the contract.

5. **Capacity**: All parties involved must have the legal capacity to enter into a contract. This usually means they are of sound mind, not minors, and not under duress or undue influence.

6. **Legality**: The contract's subject matter must be legal. Contracts that involve illegal activities are not enforceable by law.

In summary, for an offer to be legally binding, it must be clearly communicated, accepted unconditionally, involve an exchange of value, and meet all the criteria of a valid contract including legal capacity and lawful purpose.",8.99,0.19,0.59,0.0,0.12,0.83,5,4
LegalBench,contracts_nli,What makes an offer legally binding?,claude-3-opus-20240229,tree_of_thought,"To determine what makes an offer legally binding, let's break it down step-by-step:

1. Offer: An offer must be made by one party to another. It must be clear, definite, and express the willingness of the offeror to be bound by the terms of the offer.

2. Communication: The offer must be communicated to the offeree. The offeree must be aware of the offer's existence.

3. Acceptance: The offeree must accept the offer in its entirety, without modifications. The acceptance must be communicated to the offeror.

4. Consideration: There must be an exchange of value (consideration) between the parties. This could be money, goods, services, or a promise to do or refrain from doing something.

5. Intention to create legal relations: The parties must intend to create a legally binding agreement. In commercial contexts, this intention is usually presumed.

6. Capacity: Both parties must have the legal capacity to enter into a contract. They must be of legal age, sound mind, and not under duress or undue influence.

7. Legality: The purpose of the contract must be legal. Contracts for illegal activities are not enforceable.

When all these elements are present, an offer becomes a legally binding contract. If any of these elements are missing, the offer may not be legally enforceable.

It's important to note that certain types of contracts, such as those involving real estate or contracts that cannot be performed within one year, may need to be in writing to be enforceable, depending on the jurisdiction and the applicable laws (e.g., the Statute of Frauds).",14.01,0.22,0.76,0.0,0.15,0.85,3,5
LegalBench,contracts_nli,What makes an offer legally binding?,claude-3-opus-20240229,few_shot,"For an offer to be legally binding, it typically must include the following elements:

1. Intent to be bound: The offeror must intend for the offer to create a legally binding agreement if accepted.

2. Definite terms: The offer must contain clear, unambiguous, and definite terms, including the essential elements of the contract, such as the parties involved, the subject matter, the price, and any key conditions.

3. Communication: The offer must be communicated to the offeree. The offeree must be aware of the offer's existence to accept it.

4. Consideration: There must be an exchange of value, known as consideration, between the parties. This could be money, goods, services, or a promise to do (or refrain from doing) something.

5. Capacity: Both parties must have the legal capacity to enter into a contract. This means they must be of legal age, of sound mind, and not under the influence of drugs or alcohol.

6. Legality: The purpose of the contract must be lawful. Contracts for illegal activities are not legally binding.

Once an offer with these elements is accepted, it becomes a legally binding contract. Acceptance must be unequivocal and communicated to the offeror. If any terms are changed during the acceptance, it is considered a counteroffer, which the original offeror may then choose to accept or reject.",12.14,0.24,0.59,0.0,0.14,0.85,3,5
LegalBench,contracts_nli,What makes an offer legally binding?,claude-3-opus-20240229,react,"Here are the key elements that typically make an offer legally binding:

1. Offer - There must be a clear, definite offer to enter into a contract. The terms of the offer should be unambiguous.

2. Acceptance - The offer must be accepted by the other party. Acceptance should be unconditional and communicated to the person making the offer.

3. Consideration - There must be an exchange of something of value. Each party must agree to give or do something in exchange for what the other party is offering. 

4. Intention to create legal relations - The parties must intend to enter into a legally binding agreement. This is usually presumed in business agreements.

5. Certainty of terms - The essential terms of the contract must be clear and certain so each party understands their rights and obligations.

6. Capacity - The parties must have legal capacity to enter into a contract (e.g. be of legal age, sound mind).

7. Genuine consent - The agreement must be entered into freely. It could be void if there is evidence of duress, undue influence, misrepresentation or mistake.

If these elements are satisfied, there is a legally binding contract even if it is not in writing. However, having a signed written contract provides the clearest proof that a binding agreement was made. Certain types of contracts are required by law to be in writing.",12.95,0.23,0.59,0.0,0.14,0.84,5,3
LegalBench,contracts_nli,What makes an offer legally binding?,tiny-llama,tree_of_thought,"Think step-by-step.
Context:

Question: What makes an offer legally binding?
Answer: An offer is legally binding when it is made in writing and signed by both the seller and the buyer. The offer must state the price, terms, and conditions of the sale. The buyer must accept the offer within a certain timeframe, usually within a certain number of days. If the buyer does not accept the offer within the timeframe, the seller can cancel the sale.

Context:

Question: What happens if the buyer does not accept the",4.68,0.29,0.47,0.0,0.25,0.85,5,4
LegalBench,contracts_nli,What makes an offer legally binding?,tiny-llama,few_shot,"Example:
Q: What is the data retention policy?
A: Data should be deleted after 6 months.

Context:

Q: What makes an offer legally binding?
A: The offer must be in writing and signed by both parties.

Context:

Q: What is the difference between a contract and an agreement?
A: A contract is a legally binding agreement, while an agreement is a non-binding agreement.

Context:

Q: What is the difference between a contract and a memorandum?
A: A contract is a legally binding agreement, while a memorandum is a non-binding agreement.

",4.62,0.28,0.47,0.0,0.27,0.84,4,4
LegalBench,contracts_nli,What makes an offer legally binding?,tiny-llama,react,"Think, then act.
Context:

Query: What makes an offer legally binding?
Thought: The offer is legally binding when it is made and accepted by the other party. The offer is legally binding when it is made in writing and signed by both the offeror and the offeree. The acceptance of the offer is also legally binding.

Explanation:
The offer is legally binding when it is made in writing and signed by both the offeror and the offeree. This means that the offeror has given the offer to the other party and has",4.92,0.25,0.41,0.0,0.24,0.85,5,3
LegalBench,contracts_nli,What makes an offer legally binding?,gemma,tree_of_thought,"Think step-by-step.
Context:

Question: What makes an offer legally binding?
Answer: An offer is legally binding if it is communicated to the offeree and the offeree accepts the offer.

Step 1: The offeror makes an offer to the offeree.
Step 2: The offeree accepts the offer.
Step 3: The offeror accepts the acceptance.
Step 4: The offeror and the offeree are bound by the offer.

The offeror and the offeree are bound by the offer if the offer is communicated to the off",7.62,0.26,0.47,0.0,0.31,0.83,4,3
LegalBench,contracts_nli,What makes an offer legally binding?,gemma,few_shot,"Example:
Q: What is the data retention policy?
A: Data should be deleted after 6 months.

Context:

Q: What makes an offer legally binding?
A: An offer is legally binding when it is communicated to the offeree.

Context:

Q: What is the difference between a contract and an agreement?
A: A contract is a legally binding agreement between two or more parties. An agreement is a voluntary agreement between two or more parties.

Context:

Q: What is the difference between a contract and a promise?
A: A contract is a legally binding agreement between two or more parties. A promise is a voluntary agreement between two",8.04,0.22,0.47,0.0,0.28,0.83,3,5
LegalBench,contracts_nli,What makes an offer legally binding?,gemma,react,"Think, then act.
Context:

Query: What makes an offer legally binding?
Thought:
The offer is legally binding when it is communicated to the offeree.
The offer is legally binding when it is communicated to the offeree.
The offer is legally binding when it is communicated to the offeree.
The offer is legally binding when it is communicated to the offeree.
The offer is legally binding when it is communicated to the offeree.
The offer is legally binding when it is communicated to the offeree.
The offer is legally binding when it is communicated",8.11,0.22,0.29,0.0,0.27,0.84,4,5
LegalBench,contracts_nli,What makes an offer legally binding?,phi-2,tree_of_thought,"Think step-by-step.
Context:

Question: What makes an offer legally binding?
Answer: An offer must be communicated to the offeree and must be definite and certain.

Exercise 2:
Think step-by-step.
Context:

Question: What is the difference between an offer and an invitation to treat?
Answer: An offer is a definite and certain proposal to enter into a contract, while an invitation to treat is a general invitation for others to make an offer.

Exercise 3:
Think step-by-step.
Context:",9.17,0.3,0.47,0.0,0.28,0.86,5,3
LegalBench,contracts_nli,What makes an offer legally binding?,phi-2,few_shot,"Example:
Q: What is the data retention policy?
A: Data should be deleted after 6 months.

Context:

Q: What makes an offer legally binding?
A: An offer is legally binding when it is communicated to the offeree and accepted by them.

Example:

Q: What is the offer?
A: The offer is to sell the car for $10,000.

Example:

Q: What is the acceptance?
A: The acceptance is when the offeree agrees to buy the car for $10,000.

Example:

Q: What is the consideration?
A: The consideration is",8.65,0.24,0.41,0.0,0.24,0.84,3,4
LegalBench,contracts_nli,What makes an offer legally binding?,phi-2,react,"Think, then act.
Context:

Query: What makes an offer legally binding?
Thought: An offer is legally binding when it is communicated to the offeree and meets certain criteria, such as being clear, definite, and communicated to the offeree.
Action: I will research the legal requirements for a binding offer and consult with a lawyer if necessary.

Exercise 2:
Context:
Query: What is the difference between a contract and an offer?
Thought: A contract is a legally binding agreement between two or more parties, while an offer is a proposal made",7.81,0.36,0.59,0.0,0.27,0.85,4,3
LegalBench,contracts_nli,Is silence considered acceptance in contract law?,gpt-4o,tree_of_thought,"In contract law, the general rule is that silence does not constitute acceptance. Let's break this down step by step:

1. **Offer and Acceptance**: In contract law, a key element of forming a valid contract is the existence of an offer and an acceptance. The offeror proposes certain terms, and the offeree must accept those terms for a contract to form.

2. **Manifestation of Acceptance**: Acceptance must be communicated to the offeror. This communication needs to be clear and unequivocal, showing that the offeree intends to be bound by the offer's terms.

3. **Silence as Acceptance**: Typically, silence or inaction does not indicate acceptance. The rationale is that merely not responding does not show an intention to accept an offer. Contracts rely on clear mutual consent, which silence alone does not provide.

4. **Exceptions to the Rule**: There are some exceptions where silence might be considered acceptance:
   - **Established Practices**: If there is an established course of dealing between parties where silence has previously been taken as acceptance, it may continue to be interpreted that way.
   - **Stipulated by Offeror**: If the offeror specifies that silence will constitute acceptance and the offeree intends to accept by remaining silent, this could potentially be valid.
   - **Benefit of Services**: If the offeree silently accepts the benefits of offered services, especially when they have had an opportunity to reject them and understand that payment is expected, silence might imply acceptance.

5. **Legal Interpretation**: Courts typically require some positive action or statement to infer acceptance but will look at the overall context and conduct of the parties.

In conclusion, while the baseline principle is that silence does not equate to acceptance, context and prior dealings between parties can create circumstances where silence might be interpreted as acceptance.",9.74,0.18,0.57,0.0,0.09,0.82,5,5
LegalBench,contracts_nli,Is silence considered acceptance in contract law?,gpt-4o,few_shot,"In general, silence is not considered acceptance in contract law. For a contract to be legally binding, there typically needs to be an offer, acceptance, and consideration, along with a mutual intent to enter into the agreement. Acceptance must be communicated clearly and affirmatively. However, there are some exceptions where silence might be considered acceptance, such as when the parties have a prior course of dealings or a pre-existing agreement that indicates silence as acceptance, or where the offeree takes the benefit of offered services with a reasonable opportunity to reject them and understanding that they were offered with the expectation of compensation. Laws can vary by jurisdiction, so it's important to consult legal counsel for specific situations.",3.99,0.2,0.43,0.0,0.12,0.85,3,4
LegalBench,contracts_nli,Is silence considered acceptance in contract law?,gpt-4o,react,"In contract law, the general rule is that silence does not constitute acceptance of an offer. Acceptance must be communicated explicitly or through actions that clearly indicate agreement to the terms. There are, however, exceptions to this rule depending on the context and jurisdiction:

1. **Previous Dealings**: If parties have previously established a pattern of conduct where silence has been understood as acceptance, then it might be considered valid in that specific relationship.

2. **Implied Contracts**: In some cases, contracts may be implied through the conduct of the parties. If a party behaves in a way that clearly indicates acceptance of the terms, even without verbal confirmation, this can be considered acceptance.

3. **Offeree's Conduct**: If an offeree takes advantage of services or goods offered without objection, their actions might imply acceptance.

4. **Terms of the Offer**: If the offer explicitly states that silence will be taken as acceptance and the offeree intends to accept the offer, this may be recognized.

5. **Legal Duty to Speak**: Certain fiduciary or legal relationships impose a duty to speak, and failure to do so could imply acceptance.

In conclusion, while silence is typically not acceptance, specific circumstances and exceptions could lead to silence being interpreted as acceptance in contract law.",7.4,0.14,0.43,0.0,0.09,0.83,5,3
LegalBench,contracts_nli,Is silence considered acceptance in contract law?,claude-3-opus-20240229,tree_of_thought,"To determine whether silence is considered acceptance in contract law, let's think through this step-by-step:

1. General rule: In most cases, silence does not constitute acceptance under contract law. This means that if an offer is made to someone, their silence or failure to respond is not considered an acceptance of the offer.

2. Exceptions to the general rule: However, there are a few exceptions where silence may be considered acceptance:

   a. Prior dealings: If the parties have a history of dealings where silence was treated as acceptance, it may be considered acceptance in future dealings.

   b. Beneficial services: If a person receives benefits from services and fails to reject them, their silence might be seen as acceptance.

   c. Duty to speak: In some situations, a person has a duty to speak up if they don't agree with the terms. If they remain silent, it may be considered acceptance.

3. Express rejection: To avoid any confusion, it's always best to expressly reject an offer if you don't want to accept it, rather than relying on silence.

4. Case-by-case basis: Ultimately, whether silence is considered acceptance depends on the specific circumstances of each case and may be interpreted differently by different courts.

In conclusion, while silence generally does not constitute acceptance in contract law, there are some exceptions. It's best to expressly communicate acceptance or rejection to avoid ambiguity.",11.48,0.22,0.64,0.0,0.12,0.82,5,5
LegalBench,contracts_nli,Is silence considered acceptance in contract law?,claude-3-opus-20240229,few_shot,"No, silence is generally not considered acceptance in contract law. Here are a few key points regarding silence and acceptance:

1. Explicit acceptance required: For a contract to be formed, there must usually be an explicit offer and an explicit acceptance of that offer. Mere silence or inaction is not sufficient to indicate acceptance.

2. Exceptions to the rule: There are some limited exceptions where silence may be considered acceptance:

a) If the parties have a prior course of dealing where silence was treated as acceptance. 
b) If the offeree takes the benefit of the offer, knowing its terms.
c) In some cases where the offeree is expected to reject the offer if they do not accept it.

3. Duty to reject: Generally, an offeree has no legal duty to respond to an offer. Their silence cannot be construed as acceptance unless one of the exceptions applies.

4. Clear communication: It is always best for parties to clearly and explicitly communicate their intent to enter into a contract to avoid misunderstandings.

So in summary, the default rule is that silence does not equal acceptance, but there are some limited fact-specific situations where it might. Clear affirmative acceptance is required to form a binding contract in most cases.",10.76,0.22,0.57,0.0,0.12,0.83,3,5
LegalBench,contracts_nli,Is silence considered acceptance in contract law?,claude-3-opus-20240229,react,"Here are the key considerations regarding silence as acceptance in contract law:

1. Generally, silence does not constitute acceptance of an offer. The offeree (the person receiving the offer) typically must take some affirmative action to accept.

2. However, there are some limited exceptions where silence may be deemed acceptance:

a) If the offeree has taken the benefit of the offered services without objection, knowing an offer has been made, this may be considered acceptance by conduct. 

b) If the parties have a course of prior dealings where the offeree's silence was treated as acceptance.

c) In some cases, the offer itself may state that silence will be treated as acceptance, though courts may be reluctant to enforce this if the terms are seen as unfair.

3. Overall though, the default rule is that an affirmative act of acceptance is required to form a contract. Mere failure to object is usually not enough.

4. The rules can vary somewhat by jurisdiction, so the case law of the relevant state or country should be consulted for a definitive answer.

In summary, silence very rarely equals acceptance, but there are some narrow exceptions recognized in contract law depending on the circumstances and prior dealings between the parties. Consulting the relevant legal precedents is advised.",11.08,0.19,0.64,0.0,0.12,0.83,5,3
LegalBench,contracts_nli,Is silence considered acceptance in contract law?,tiny-llama,tree_of_thought,"Think step-by-step.
Context:

Question: Is silence considered acceptance in contract law?
Answer:

Yes, silence is considered acceptance in contract law. In a contract, silence is not considered acceptance unless it is expressly stated in the contract. In other words, silence is not considered acceptance unless it is part of the contract.

Explanation:

Silence is not considered acceptance unless it is part of the contract. In a contract, silence is not considered acceptance unless it is expressly stated in the contract. For example, in a contract",5.05,0.17,0.29,0.0,0.18,0.82,4,3
LegalBench,contracts_nli,Is silence considered acceptance in contract law?,tiny-llama,few_shot,"Example:
Q: What is the data retention policy?
A: Data should be deleted after 6 months.

Context:

Q: Is silence considered acceptance in contract law?
A: No, silence is not considered acceptance.

Example:
Q: Can you summarize the key points of the data retention policy?
A: Yes, the data should be deleted after 6 months.

Context:

Q: Can you provide a summary of the data retention policy?
A: Yes, the data should be deleted after 6 months.

Example:
Q: Can you explain the data retention policy in more detail?
",4.95,0.1,0.21,0.0,0.11,0.82,3,5
LegalBench,contracts_nli,Is silence considered acceptance in contract law?,tiny-llama,react,"Think, then act.
Context:

Query: Is silence considered acceptance in contract law?
Thought:

Response:
Yes, silence is considered acceptance in contract law. In a contract, silence is not considered acceptance unless it is expressly stated in the contract. In other words, silence is not considered acceptance unless it is part of the contract itself.

Explanation:
In a contract, silence is not considered acceptance unless it is expressly stated in the contract. For example, in a contract for the sale of goods, the seller may agree to",4.91,0.19,0.29,0.0,0.15,0.83,5,3
LegalBench,contracts_nli,Is silence considered acceptance in contract law?,gemma,tree_of_thought,"Think step-by-step.
Context:

Question: Is silence considered acceptance in contract law?
Answer: No.

Explanation:

Silence is not considered acceptance in contract law. Silence is not a valid form of acceptance. Silence is not a valid form of acceptance. Silence is not a valid form of acceptance. Silence is not a valid form of acceptance. Silence is not a valid form of acceptance. Silence is not a valid form of acceptance. Silence is not a valid form of acceptance. Silence is not a valid form of acceptance. Silence is not a valid form of acceptance. Silence is not a",7.62,0.08,0.21,0.0,0.17,0.81,4,5
LegalBench,contracts_nli,Is silence considered acceptance in contract law?,gemma,few_shot,"Example:
Q: What is the data retention policy?
A: Data should be deleted after 6 months.

Context:

Q: Is silence considered acceptance in contract law?
A: No, silence is not considered acceptance in contract law.

Context:

Q: What is the difference between a contract and a promise?
A: A contract is a legally binding agreement between two or more parties, while a promise is an agreement between two or more parties that is not legally binding.

Context:

Q: What is the difference between a contract and a promise?
A: A contract is a legally binding agreement between two or more parties, while a promise is an agreement",7.85,0.11,0.29,0.0,0.14,0.82,4,5
LegalBench,contracts_nli,Is silence considered acceptance in contract law?,gemma,react,"Think, then act.
Context:

Query: Is silence considered acceptance in contract law?
Thought:

Silence is not acceptance.
Silence is not acceptance.
Silence is not acceptance.
Silence is not acceptance.
Silence is not acceptance.
Silence is not acceptance.
Silence is not acceptance.
Silence is not acceptance.
Silence is not acceptance.
Silence is not acceptance.
Silence is not acceptance.
Silence is not acceptance.
Silence is not acceptance.
Silence is not acceptance.
Silence is not acceptance.
Silence is not acceptance.
Silence is not",7.95,0.1,0.21,0.0,0.21,0.82,4,3
LegalBench,contracts_nli,Is silence considered acceptance in contract law?,phi-2,tree_of_thought,"Think step-by-step.
Context:

Question: Is silence considered acceptance in contract law?
Answer: No, silence is not considered acceptance in contract law. Silence does not constitute acceptance of an offer.

Question: Can silence be used as a defense in a contract dispute?
Answer: Yes, silence can be used as a defense in a contract dispute. If the party who is silent can prove that they had a valid reason for not accepting the offer, they may be able to avoid liability.

Question: What is the difference between acceptance and counteroffer?
Answer: Acceptance",8.14,0.14,0.36,0.0,0.15,0.84,4,3
LegalBench,contracts_nli,Is silence considered acceptance in contract law?,phi-2,few_shot,"Example:
Q: What is the data retention policy?
A: Data should be deleted after 6 months.

Context:

Q: Is silence considered acceptance in contract law?
A: No, silence does not constitute acceptance.

Example:
Q: What is the statute of frauds?
A: The statute of frauds requires certain contracts to be in writing to be enforceable.

Context:

Q: Can a contract be formed through email?
A: Yes, as long as the email contains all the essential elements of a contract.

Example:
Q: What is the difference between a unilateral and bilateral contract?
A: In",7.93,0.26,0.36,0.0,0.14,0.82,4,4
LegalBench,contracts_nli,Is silence considered acceptance in contract law?,phi-2,react,"Think, then act.
Context:

Query: Is silence considered acceptance in contract law?
Thought: Silence can be interpreted as acceptance in certain circumstances, but it is not always the case.
Action: Consult legal experts and review relevant case law to determine the specific circumstances under which silence can be considered acceptance in contract law.

Example 1:
In a contract negotiation, the buyer and seller agreed on the terms and conditions of the sale. The seller sent an email to the buyer, stating that the contract was ready for signature. The buyer, however, did not respond to the email.",7.68,0.12,0.29,0.0,0.1,0.83,3,3
LegalBench,contracts_nli,Can minors enter into binding contracts?,gpt-4o,tree_of_thought,"In general legal principles, minors (individuals under the age of majority, typically 18 in most jurisdictions) are not considered to have the full legal capacity to enter into binding contracts. This is because they are not deemed to have the maturity or experience necessary to fully understand and consent to the obligations involved in a contract. However, there are several important nuances to consider:

1. **Voidable Contracts**: Contracts entered into by minors are typically considered ""voidable"" rather than automatically void. This means that the minor has the right to affirm or void the contract upon reaching the age of majority.

2. **Necessaries**: In many jurisdictions, minors can be held to contracts for ""necessaries,"" which are goods and services essential for their well-being, such as food, clothing, shelter, and medical services. The definition of what constitutes a necessary can vary and is often determined by the minorâ€™s specific circumstances.

3. **Ratification**: Upon reaching the age of majority, a former minor can ratify (expressly or implicitly agree to) a contract made while they were a minor, making it fully binding. If they do not disaffirm the contract within a reasonable time after reaching the age of majority, it may be considered ratified.

4. **Misrepresentation of Age**: If a minor misrepresents their age and enters into a contract, some jurisdictions may require the minor to honor the contract, especially if the other party acted in good faith based on the misrepresentation. However, this is not universally applied and can vary by jurisdiction.

5. **Parental or Guardian Consent**: Contracts entered into by minors may be enforceable if a parent or guardian co-signs or consents to the contract, effectively extending their own legal capacity to the minor.

6. **Employment Contracts**: There are exceptions for certain types of employment contracts, allowing minors to work under specific conditions regulated by labor laws.

In summary, while minors can technically enter into contracts, these agreements are generally voidable at the minor's discretion. The enforceability of a minor's contract largely depends on the type of contract and applicable laws in the jurisdiction where the contract is formed.",17.13,0.19,0.62,0.0,0.08,0.83,4,3
LegalBench,contracts_nli,Can minors enter into binding contracts?,gpt-4o,few_shot,"In general, minors cannot enter into binding contracts. Contracts with minors are typically considered voidable at the discretion of the minor. This means that a minor can choose to affirm or void a contract upon reaching the age of majority. However, there are exceptions to this rule, such as contracts for necessities like food, clothing, and shelter, which may be considered binding to ensure that minors have access to essential goods and services. Additionally, some jurisdictions may have specific laws or statutes regarding contracts with minors.",2.98,0.5,0.62,0.0,0.21,0.89,4,3
LegalBench,contracts_nli,Can minors enter into binding contracts?,gpt-4o,react,"In most jurisdictions, minors (typically individuals under the age of 18) are generally not able to enter into binding contracts. This legal principle is in place to protect minors from being bound by obligations that they may not fully understand or that could potentially exploit their lack of experience. However, there are exceptions to this rule:

1. **Necessities**: Contracts for essential items or services, such as food, clothing, or medical care, may be considered binding on minors because they are essential for the minor's well-being.

2. **Emancipation**: If a minor is legally emancipated, they may have the capacity to enter into binding contracts as if they were an adult. Emancipation can occur through court order or certain life events, such as marriage.

3. **Ratification**: A minor may choose to ratify a contract upon reaching the age of majority, making it binding as if they had entered into it as an adult. 

4. **Voidable**: Most contracts entered into by minors are voidable at the discretion of the minor, meaning they can choose to affirm or void the contract upon reaching the age of majority.

Given these points, the general rule is that minors cannot enter into binding contracts, but specific circumstances and local laws can provide exceptions where contracts may be deemed binding. It's always advisable to consult legal professionals in the specific jurisdiction for detailed guidance.",5.85,0.25,0.62,0.0,0.11,0.84,5,5
LegalBench,contracts_nli,Can minors enter into binding contracts?,claude-3-opus-20240229,tree_of_thought,"To determine if minors can enter into binding contracts, let's think through this step-by-step:

1. Definition of a minor:
   - In most jurisdictions, a minor is an individual under the age of majority (usually 18 years old).

2. Capacity to contract:
   - Generally, to enter into a legally binding contract, parties must have the capacity to contract.
   - Capacity refers to the mental ability to understand the terms and consequences of a contract.

3. Minors and contractual capacity:
   - In many jurisdictions, minors are presumed to lack the capacity to enter into contracts due to their age and presumed lack of understanding.
   - This is based on the idea that minors need protection from making decisions that could harm their interests.

4. Contracts entered into by minors:
   - In most cases, contracts entered into by minors are voidable at the option of the minor.
   - This means that the minor can choose to cancel the contract before reaching the age of majority or within a reasonable time after reaching it.
   - If the minor chooses to void the contract, they must return any goods or benefits received under the contract, if possible.

5. Exceptions to the rule:
   - There are some exceptions where minors can be held to contracts, such as contracts for necessities (e.g., food, clothing, shelter) or contracts related to their employment or education.
   - In some cases, a court may also find a contract enforceable if it is in the minor's best interest.

In conclusion, as a general rule, minors cannot enter into binding contracts due to their presumed lack of capacity. However, there are some exceptions to this rule, and contracts entered into by minors are typically voidable at the minor's option.",13.17,0.27,0.69,0.0,0.12,0.83,5,5
LegalBench,contracts_nli,Can minors enter into binding contracts?,claude-3-opus-20240229,few_shot,"I do not have enough context to provide a complete answer to the question about minors entering into contracts. The ability for minors to enter legally binding contracts depends on the specific laws and jurisdiction. In general, minors have limited capacity to enter contracts on their own, and contracts with minors are voidable in many cases. However, there are exceptions, such as contracts for necessities. For a full legal analysis, please consult an attorney licensed in the relevant jurisdiction who can review the details of the specific situation.",4.59,0.33,0.62,0.0,0.21,0.87,4,3
LegalBench,contracts_nli,Can minors enter into binding contracts?,claude-3-opus-20240229,react,"To answer this question, let's consider a few key points:

1. Legal capacity: Generally, a person must have the legal capacity to enter into a contract for it to be valid and binding. Minors (typically those under 18) are presumed to lack the maturity and judgment needed to fully understand the implications of entering into a contract.

2. Voidable contracts: In most jurisdictions, contracts entered into by minors are considered voidable. This means the minor can choose to disaffirm or cancel the contract before reaching the age of majority or within a reasonable time after. There are some exceptions, such as contracts for necessities like food, clothing, and shelter.

3. Ratification: If a minor chooses not to disaffirm a contract upon reaching the age of majority, it can be considered ratified and becomes binding.

4. Exceptions: Some contracts involving minors may be binding, such as those entered into by emancipated minors or certain entertainment and sports contracts approved by the court.

In summary, while there are some exceptions, minors generally cannot enter into binding contracts. The contracts are typically voidable at the minor's discretion. It's important to consult local laws for specifics, as rules may vary by jurisdiction.",10.4,0.3,0.69,0.0,0.14,0.85,3,5
LegalBench,contracts_nli,Can minors enter into binding contracts?,tiny-llama,tree_of_thought,"Think step-by-step.
Context:

Question: Can minors enter into binding contracts?
Answer:
Yes, minors can enter into binding contracts. However, the terms of the contract must be in writing and signed by both parties. The contract must also be signed by a parent or legal guardian if the minor is under the age of 18. The contract must also include the age of the minor and the date of the contract. The contract must also specify the terms of the agreement, such as the amount of money owed, the duration of the contract, and any pen",4.89,0.13,0.15,0.0,0.06,0.84,4,4
LegalBench,contracts_nli,Can minors enter into binding contracts?,tiny-llama,few_shot,"Example:
Q: What is the data retention policy?
A: Data should be deleted after 6 months.

Context:

Q: Can minors enter into binding contracts?
A: Yes, minors can enter into binding contracts.

Context:

Q: What is the minimum age for a driver's license?
A: The minimum age for a driver's license is 16 years old.

Context:

Q: What is the minimum age for a passport?
A: The minimum age for a passport is 16 years old.

Context:

Q: What is the minimum age for a",4.94,0.15,0.23,0.0,0.12,0.83,3,4
LegalBench,contracts_nli,Can minors enter into binding contracts?,tiny-llama,react,"Think, then act.
Context:

Query: Can minors enter into binding contracts?
Thought: Yes, minors can enter into binding contracts.

Explanation:
A binding contract is a legal agreement that is enforceable by law. In the context of this question, a binding contract is a contract that a minor (under the age of 18) enters into with an adult (over the age of 18). This means that the minor is legally bound to the terms of the contract, and the adult is legally responsible for the minor's",4.97,0.29,0.38,0.0,0.16,0.84,4,3
LegalBench,contracts_nli,Can minors enter into binding contracts?,gemma,tree_of_thought,"Think step-by-step.
Context:

Question: Can minors enter into binding contracts?
Answer: Yes, minors can enter into binding contracts.

Explanation:

A minor is a person who is below the age of majority. The age of majority is the age at which a person is considered to be an adult. In India, the age of majority is 18 years.

A minor is not allowed to enter into a contract. However, a minor can enter into a contract if it is in the best interest of the minor.

A minor can enter into a contract if it is",7.82,0.15,0.23,0.0,0.1,0.84,4,4
LegalBench,contracts_nli,Can minors enter into binding contracts?,gemma,few_shot,"Example:
Q: What is the data retention policy?
A: Data should be deleted after 6 months.

Context:

Q: Can minors enter into binding contracts?
A: Yes, minors can enter into binding contracts.

Context:

Q: What is the difference between a contract and a promise?
A: A contract is a legally binding agreement between two or more parties. A promise is an agreement between two or more parties, but it is not legally binding.

Context:

Q: What is the difference between a contract and a promise?
A: A contract is a legally binding agreement between two or more parties. A promise is an agreement between two",8.1,0.12,0.15,0.0,0.07,0.83,3,5
LegalBench,contracts_nli,Can minors enter into binding contracts?,gemma,react,"Think, then act.
Context:

Query: Can minors enter into binding contracts?
Thought:
The answer is yes.
The reason is that minors are not legally capable of entering into a contract.
The reason is that minors are not legally capable of entering into a contract.
The reason is that minors are not legally capable of entering into a contract.
The reason is that minors are not legally capable of entering into a contract.
The reason is that minors are not legally capable of entering into a contract.
The reason is that minors are not legally capable of entering into a",7.99,0.18,0.23,0.0,0.15,0.83,5,5
LegalBench,contracts_nli,Can minors enter into binding contracts?,phi-2,tree_of_thought,"Think step-by-step.
Context:

Question: Can minors enter into binding contracts?
Answer: No, minors cannot enter into binding contracts.

Exercise 2:
Think step-by-step.
Context:

Question: What is the purpose of the Statute of Frauds?
Answer: The purpose of the Statute of Frauds is to protect parties from fraudulent claims and ensure that certain contracts are in writing.

Exercise 3:
Think step-by-step.
Context:

Question: What are the exceptions to the Statute of",8.57,0.17,0.31,0.0,0.15,0.83,4,3
LegalBench,contracts_nli,Can minors enter into binding contracts?,phi-2,few_shot,"Example:
Q: What is the data retention policy?
A: Data should be deleted after 6 months.

Context:

Q: Can minors enter into binding contracts?
A: No, minors cannot enter into binding contracts.

Q: What is the purpose of a contract?
A: The purpose of a contract is to establish an agreement between two or more parties.

Q: What is the difference between a verbal and written contract?
A: A verbal contract is an agreement made through spoken words, while a written contract is a formal agreement that is documented in writing.

Q: What is the difference between a unilateral and bilateral contract?
A",8.52,0.13,0.15,0.0,0.06,0.84,3,3
LegalBench,contracts_nli,Can minors enter into binding contracts?,phi-2,react,"Think, then act.
Context:

Query: Can minors enter into binding contracts?
Thought:

Answer:

Exercise 2:
Context:

Query: Can minors enter into binding contracts?
Thought:

Answer:

Exercise 3:
Context:

Query: Can minors enter into binding contracts?
Thought:

Answer:

Exercise 4:
Context:

Query: Can minors enter into binding contracts?
Thought:

Answer:

Exercise 5:
Context:

Query",7.83,0.11,0.08,0.0,0.06,0.82,3,4
LegalBench,contracts_nli,What is consideration in a contract?,gpt-4o,tree_of_thought,"Consideration in a contract is a fundamental element required for a contract to be legally enforceable. It refers to the value that is promised to be exchanged between the parties involved in the contract. Consideration can take various forms, such as money, goods, services, or a promise to refrain from doing something. Here's a step-by-step breakdown of the concept:

1. **Mutual Exchange**: Consideration involves a mutual exchange between the parties. Each party must offer something of value or agree to give up something in return for the benefit they will receive from the other party.

2. **Legal Value**: The value exchanged must have legal value. This means it must involve a right, interest, benefit, or forbearance that the parties have a legal right to offer or accept.

3. **Bargained-for Exchange**: Consideration must arise from a ""bargained-for exchange."" This means that the parties have negotiated and agreed upon the terms of the exchange, and it was not merely a gift or a gratuitous promise.

4. **Sufficiency**: The consideration must be sufficient, meaning it must be of some value, though not necessarily equal in value. Courts typically do not evaluate whether the exchange was fair, only that there was consideration.

5. **Adequacy**: While the consideration must be sufficient, it need not be adequate. Courts generally do not assess the adequacy of consideration unless there is evidence of fraud, duress, or undue influence.

6. **Legality**: The consideration must be legal. An agreement exchanged for illegal acts or purposes cannot serve as valid consideration.

7. **Types of Consideration**: Consideration can be:
   - **Executed**: Something that has already been completed in the past.
   - **Executory**: A promise to do something in the future.
   - **Forbearance**: Refraining from doing something that one has a legal right to do.

In summary, consideration is a crucial part of contract law that involves a mutual exchange of value, ensuring that both parties have a stake in the obligations they are undertaking. Without consideration, a contract may be deemed invalid or unenforceable.",9.23,0.13,0.75,0.0,0.1,0.82,3,5
LegalBench,contracts_nli,What is consideration in a contract?,gpt-4o,few_shot,"Consideration in a contract refers to something of value that is exchanged between the parties involved. It's a fundamental component of a legally binding agreement, ensuring that each party involved provides something either in goods, services, money, or an act (or forbearance from doing something) that the other party desires. This exchange is what distinguishes a contract from a gift. Consideration must be something of legal value, and each party must give or promise to give something of value for the contract to be enforceable.",3.6,0.42,0.75,0.0,0.27,0.87,5,3
LegalBench,contracts_nli,What is consideration in a contract?,gpt-4o,react,"Consideration in a contract refers to something of value that is exchanged between the parties involved. It is a fundamental element for the formation of a legally binding contract. Consideration can take many forms, including money, services, goods, or a promise to do or refrain from doing something. The key idea is that consideration must be something of value that induces the parties to enter into the agreement. Without consideration, a contract may not be enforceable because it signifies that the parties have not agreed to a mutually beneficial exchange.",1.53,0.44,0.75,0.0,0.25,0.88,4,5
LegalBench,contracts_nli,What is consideration in a contract?,claude-3-opus-20240229,tree_of_thought,"To understand consideration in a contract, let's break it down step by step:

1. Definition: Consideration is an essential element for a valid contract. It refers to something of value that is exchanged between the parties involved in the contract.

2. Mutual exchange: For consideration to exist, both parties must give something of value. This could be money, goods, services, or a promise to do (or not do) something.

3. Bargained-for exchange: The consideration must be bargained for, meaning that each party's promise or act is made in exchange for the other party's promise or act.

4. Legal value: The consideration must have some legal value, but it doesn't have to be of equal value for both parties. Courts generally do not assess the adequacy of consideration.

5. Types of consideration:
   a. Executory consideration: A promise to do something in the future.
   b. Executed consideration: An act that has already been performed.

6. Importance: Consideration is crucial because it ensures that the agreement is not merely a one-sided promise but a mutually beneficial exchange. It distinguishes a contract from a gift.

7. Exceptions: In some cases, such as with a signed contract under seal (deed) or in certain jurisdictions, consideration may not be necessary for a contract to be enforceable.

In summary, consideration is a vital component of a valid contract, representing a bargained-for exchange of something of value between the contracting parties.",11.98,0.25,0.83,0.0,0.14,0.83,5,4
LegalBench,contracts_nli,What is consideration in a contract?,claude-3-opus-20240229,few_shot,"In a contract, consideration refers to something of value that is exchanged between the parties involved. It is an essential element for a contract to be legally binding and enforceable. Consideration can take various forms, such as:

1. Money: One party pays a specific sum of money in exchange for goods, services, or a promise from the other party.

2. Goods: One party provides goods or property to the other party in exchange for something of value.

3. Services: One party agrees to perform a service for the other party in exchange for compensation or another service.

4. Promise: One party makes a promise to do something (or refrain from doing something) in exchange for a promise from the other party.

For consideration to be valid, it must meet certain criteria:

1. It must be something of value.
2. It must be bargained for and agreed upon by both parties.
3. It must be legal and not violate public policy.

Without consideration, a contract may be deemed invalid or unenforceable. For example, if one party promises to give a gift to another party without receiving anything in return, it is not considered a legally binding contract due to the lack of consideration.",8.99,0.22,0.83,0.0,0.17,0.84,4,4
LegalBench,contracts_nli,What is consideration in a contract?,claude-3-opus-20240229,react,"To answer the question ""What is consideration in a contract?"", let me break it down:

Consideration is an essential element for a valid contract. It refers to something of value that each party to the contract exchanges. This can be money, goods, services, or a promise to do something or refrain from doing something.

Some key points about consideration:

1. It must be sufficient - the consideration must have some value in the eyes of the law. It doesn't have to be adequate or a ""good deal"".

2. It must be bargained-for - each party's consideration must be given in exchange for the other party's consideration. 

3. Past consideration is no consideration - something already given before the promise was made doesn't count as consideration.

4. Consideration can be a benefit to the promisor or a detriment to the promisee. Giving up a legal right can be valid consideration.

5. Consideration distinguishes a contract from a gift. A gift is a voluntary transfer without anything given in exchange.

So in summary, consideration is the value bargained for and exchanged by parties to a contract. It is a necessary component to make the contract legally binding and enforceable. Without valid consideration on both sides, there is no contract.",11.28,0.16,0.75,0.0,0.15,0.83,3,3
LegalBench,contracts_nli,What is consideration in a contract?,tiny-llama,tree_of_thought,"Think step-by-step.
Context:

Question: What is consideration in a contract?
Answer: Consideration is the exchange of something of value for something of value in a contract.

Explanation:
Consideration is the exchange of something of value for something of value in a contract. In a contract, the consideration is the exchange of goods or services for the promise to perform a specific act. The act of performance is called the consideration.

Examples:

1. A contract between a landlord and a tenant for renting a property. The",6.46,0.24,0.67,0.0,0.3,0.84,4,5
LegalBench,contracts_nli,What is consideration in a contract?,tiny-llama,few_shot,"Example:
Q: What is the data retention policy?
A: Data should be deleted after 6 months.

Context:

Q: What is consideration in a contract?
A: Consideration is the exchange of value for the promise of future performance.

Context:

Q: What is the difference between a contract and a promise?
A: A contract is a legally binding agreement between two or more parties, while a promise is a promise made without legal consequences.

Context:

Q: What is the difference between a promise and an agreement?
A: An agreement is a legally binding contract between two or more parties, while a promise",5.07,0.28,0.67,0.0,0.28,0.83,5,3
LegalBench,contracts_nli,What is consideration in a contract?,tiny-llama,react,"Think, then act.
Context:

Query: What is consideration in a contract?
Thought: Consideration is the exchange of value for the promise of future benefit.

Explanation:
Consideration is the exchange of value for the promise of future benefit. It is the exchange of something of value (such as money or goods) for something of value (such as a promise of future benefit). In a contract, consideration is often expressed in terms of money or goods. For example, a contract may state that the buyer will pay the seller $100 for",4.9,0.27,0.58,0.0,0.25,0.83,5,5
LegalBench,contracts_nli,What is consideration in a contract?,gemma,tree_of_thought,"Think step-by-step.
Context:

Question: What is consideration in a contract?
Answer: Consideration is the exchange of something of value.

Consideration is the exchange of something of value.

Consideration is the exchange of something of value.

Consideration is the exchange of something of value.

Consideration is the exchange of something of value.

Consideration is the exchange of something of value.

Consideration is the exchange of something of value.

Consideration is the exchange of something of value.

Consideration is the exchange of something of value.

Consideration",8.03,0.28,0.33,0.0,0.29,0.83,5,5
LegalBench,contracts_nli,What is consideration in a contract?,gemma,few_shot,"Example:
Q: What is the data retention policy?
A: Data should be deleted after 6 months.

Context:

Q: What is consideration in a contract?
A: Consideration is the exchange of value between the parties.

Context:

Q: What is the difference between a contract and a promise?
A: A contract is a legally binding agreement between two or more parties. A promise is a statement made by one party to another that is intended to be legally binding.

Context:

Q: What is the difference between a contract and a promise?
A: A contract is a legally binding agreement between two or more parties. A promise is a statement",8.28,0.23,0.5,0.0,0.21,0.84,4,5
LegalBench,contracts_nli,What is consideration in a contract?,gemma,react,"Think, then act.
Context:

Query: What is consideration in a contract?
Thought:
Consideration is the price paid by one party to the other for the performance of a promise.
Act:
Consideration is the price paid by one party to the other for the performance of a promise.
Consideration is the price paid by one party to the other for the performance of a promise.
Consideration is the price paid by one party to the other for the performance of a promise.
Consideration is the price paid by one party to the other for the performance of",7.46,0.23,0.33,0.0,0.22,0.82,5,3
LegalBench,contracts_nli,What is consideration in a contract?,phi-2,tree_of_thought,"Think step-by-step.
Context:

Question: What is consideration in a contract?
Answer: Consideration is something of value that is exchanged between parties in a contract.

Question: What is the purpose of consideration in a contract?
Answer: The purpose of consideration is to ensure that both parties are getting something of value in exchange for their promises.

Question: What happens if one party fails to provide consideration in a contract?
Answer: If one party fails to provide consideration, the contract may be considered invalid.

Question: Can consideration be something intangible, like a",8.16,0.37,0.75,0.0,0.32,0.85,4,4
LegalBench,contracts_nli,What is consideration in a contract?,phi-2,few_shot,"Example:
Q: What is the data retention policy?
A: Data should be deleted after 6 months.

Context:

Q: What is consideration in a contract?
A: Consideration is something of value that is exchanged between parties in a contract.

Q: What is an example of consideration in a contract?
A: An example of consideration in a contract is when a person agrees to pay a certain amount of money in exchange for a product or service.

Q: What is the importance of consideration in a contract?
A: Consideration is important in a contract because it ensures that both parties are getting something of value in exchange for their promises.",7.55,0.38,0.75,0.0,0.27,0.85,3,4
LegalBench,contracts_nli,What is consideration in a contract?,phi-2,react,"Think, then act.
Context:

Query: What is consideration in a contract?
Thought: Consideration is something of value that is exchanged between parties in a contract.
Action: I will make sure to include consideration in my contract to ensure its validity.

Example 2:
Context:

Query: What is the purpose of a contract?
Thought: A contract is a legally binding agreement between two or more parties that outlines their rights and obligations.
Action: I will draft a contract to clearly define the terms and conditions of our agreement.

Example 3:",7.71,0.24,0.67,0.0,0.24,0.84,4,4
